school_year,state_id,state_abbrev,eval_year,class_remove_year,suspension_year,PBIS,enroll,FRPL_percent,enroll_OTHER,enroll_AM,enroll_ASIAN,enroll_HISP,enroll_BLACK,enroll_WHITE,ODR_class,ODR_other,ODR_subjective,ODR_objective
2006,2,AK,2016,,,,,,,,,,,,,,,
2007,2,AK,2016,,,,,,,,,,,,,,,
2008,2,AK,2016,,,,,,,,,,,,,,,
2009,2,AK,2016,,,,,,,,,,,,,,,
2010,2,AK,2016,,,,229,0.593886435031891,0,199,2,1,0,22,2.24762392044067,2.3503725528717,1.46416640281677,1.01464176177979
2011,2,AK,2016,,,,224,0.638392865657806,0,144,0,0,0,25,1.54532968997955,2.29818248748779,1.29437863826752,0.832100570201874
2012,2,AK,2016,,,,221,0.526077091693878,46,136,1,0,0,29,2.09210681915283,2.41604590415955,1.4577260017395,0.512903571128845
2013,2,AK,2016,,,,255,0.650980412960053,0,153,0,0,0,32,1.44979202747345,2.34105753898621,1.08140230178833,1.05763518810272
2014,2,AK,2016,,,,216,0.754629611968994,0,110,0,2,0,30,2.35518956184387,3.6471791267395,1.95144271850586,1.14394927024841
2015,2,AK,2016,,,,,,,,,,,,,,,
2016,2,AK,2016,,,,229,0.949671745300293,0,123,1,9,0,30,6.36562585830689,7.93050861358643,5.33121109008789,3.06345725059509
2017,2,AK,2016,,,,234,0.929336190223694,0,117,1,8,0,28,6.37299871444702,7.91526508331299,5.27684307098389,2.98256349563599
2006,4,AZ,2014,,,,,,,,,,,,,,,
2007,4,AZ,2014,,,,,,,,,,,,,,,
2008,4,AZ,2014,,,,1770,0.107344634830952,0,8,63,400,131,1169,0.624792277812958,0.61814558506012,0.358923226594925,0.427052170038223
2009,4,AZ,2014,,,,2522,0.542037487030029,0,12,66,737,137,1257,0.642345070838928,0.607069492340088,0.34332612156868,0.353552341461182
2010,4,AZ,2014,,,,3353,0.587628841400147,0,44,87,1317,195,1378,1.30841910839081,0.473337173461914,0.684140801429749,0.292757660150528
2011,4,AZ,2014,,,,2718,0.423818528652191,5,40,78,1084,142,1363,1.56452369689941,0.240980610251427,1.15621888637543,0.111491143703461
2012,4,AZ,2014,,,,3308,0.684210538864136,0,43,64,1390,148,1244,1.84353160858154,0.287919610738754,1.10540568828583,0.171526581048965
2013,4,AZ,2014,,,,2645,1,0,28,52,1170,137,1227,3.12794399261475,0.429481863975525,1.86940658092499,0.249671086668968
2014,4,AZ,2014,,,,3557,0.694334626197815,0,43,60,1826,176,1406,1.50486290454865,0.45947128534317,0.926589787006378,0.333396822214127
2015,4,AZ,2014,,,,3544,0.685968816280365,0,48,58,1823,181,1382,0.789448440074921,0.427669823169708,0.672097980976105,0.264352530241013
2016,4,AZ,2014,,,1,3522,0.685968816280365,0,49,62,1793,192,1371,1.31346213817596,0.3762226998806,0.865133702754974,0.281470328569412
2017,4,AZ,2014,,,,2890,0.444458603858948,0,45,64,1314,173,1205,0.861070811748505,0.283132970333099,0.586691558361054,0.216095075011253
2006,5,AR,2013,,,,782,0.702955365180969,0,2,15,40,93,1075,1.86899960041046,1.51614201068878,0.966050982475281,0.455140233039856
2007,5,AR,2013,,,1,3131,0.51116269826889,0,5,30,95,689,2787,2.24254322052002,1.36986374855042,1.35325884819031,0.382190763950348
2008,5,AR,2013,,,,3491,0.5206258893013,0,5,40,125,812,3023,2.37968063354492,1.61553239822388,1.10281777381897,0.320195585489273
2009,5,AR,2013,,,1,5156,0.603751003742218,0,18,58,271,1345,3836,1.46492600440979,1.5134791135788,1.09828472137451,0.554949283599854
2010,5,AR,2013,,,,4587,0.625368714332581,0,16,61,259,724,3669,1.19176459312439,1.85514354705811,0.86322408914566,0.436558246612549
2011,5,AR,2013,,,1,4883,0.618127763271332,0,9,78,281,924,3691,1.19707405567169,1.29549181461334,0.886231660842896,0.453834682703018
2012,5,AR,2013,,,1,5153,0.659156322479248,0,18,72,299,1250,3679,1.34921884536743,1.36983180046082,0.980175673961639,0.427324116230011
2013,5,AR,2013,,,1,3897,0.661833941936493,0,18,44,262,777,2780,1.09409523010254,1.30213475227356,0.793787360191345,0.331675827503204
2014,5,AR,2013,,,0,4993,0.682204127311707,0,20,47,405,1334,3095,1.27003788948059,1.6314799785614,0.867323517799377,0.423882752656937
2015,5,AR,2013,,,1,3812,0.663438260555267,0,16,26,287,928,2493,2.39224076271057,1.22919034957886,1.68322825431824,0.353835999965668
2016,5,AR,2013,,,0,3210,0.645321130752564,0,12,19,194,712,2257,0.820397257804871,0.882655620574951,0.612005472183228,0.241182684898376
2017,5,AR,2013,,,1,3208,0.639887452125549,0,10,17,190,712,2257,1.27500796318054,0.825199127197266,0.859849989414215,0.266526073217392
2006,6,CA,,,2014,,25830,0.577754676342011,0,117,2853,7992,1542,7703,1.08572673797607,1.15838587284088,0.450691044330597,0.552463173866272
2007,6,CA,,,2014,,31152,0.604186534881592,0,171,4076,12123,2257,9475,0.659024477005005,0.975664377212524,0.489508092403412,0.395911276340485
2008,6,CA,,,2014,0,41526,0.666941821575165,0,428,4274,19872,3240,9923,0.897799372673035,1.01289129257202,0.586666703224182,0.479397684335709
2009,6,CA,,,2014,0,46319,0.6865234375,160,375,5393,21813,3004,10886,0.920138895511627,1.00612413883209,0.51578426361084,0.443922191858292
2010,6,CA,,,2014,1,57650,0.596648037433624,1024,535,8031,23250,2981,18956,1.08999598026276,1.17696070671082,0.668590664863586,0.459616243839264
2011,6,CA,,,2014,1,92820,0.388713002204895,569,674,11145,39316,3809,23923,0.942864537239075,0.91461968421936,0.58825957775116,0.411885738372803
2012,6,CA,,,2014,1,114134,0.676069140434265,412,997,12808,54305,4148,28444,0.941869020462036,0.831079542636871,0.578326046466827,0.369149506092072
2013,6,CA,,,2014,1,152526,0.708133697509766,10,1700,16303,88545,5156,35212,0.877532124519348,0.896317839622498,0.523266732692719,0.380249917507172
2014,6,CA,,,2014,1,197240,0.764132559299469,0,3263,18930,117552,7071,43919,0.863787353038788,0.862167418003082,0.501703917980194,0.362600386142731
2015,6,CA,,,2014,1,207879,0.76189136505127,0,3795,22041,122671,7063,45536,0.89992356300354,0.786514759063721,0.54952597618103,0.357649743556976
2016,6,CA,,,2014,1,195010,0.755023300647736,0,4476,21080,116544,6374,40403,0.799648404121399,0.692244648933411,0.460912227630615,0.328070461750031
2017,6,CA,,,2014,1,178431,0.76864504814148,0,2160,18602,109044,5595,35841,0.786041498184204,0.71082615852356,0.490301370620728,0.319638311862946
2006,8,CO,2013,,2012,1,13276,0.392771303653717,0,172,543,3126,872,7991,0.706124782562256,0.874832034111023,0.420880675315857,0.388483613729477
2007,8,CO,2013,,2012,1,19060,0.41491049528122,0,262,805,4441,1114,11118,0.921390116214752,0.998184084892273,0.55745530128479,0.526428937911987
2008,8,CO,2013,,2012,1,26737,0.383982449769974,0,337,1024,5976,1570,15606,0.783091425895691,1.02132439613342,0.500771999359131,0.51176393032074
2009,8,CO,2013,,2012,1,32761,0.430769234895706,14,420,1335,7733,2307,19552,0.880200147628784,1.03822362422943,0.524415910243988,0.434027791023254
2010,8,CO,2013,,2012,1,30582,0.47467252612114,161,251,1135,7876,1808,17383,0.72937399148941,1.01839995384216,0.452289789915085,0.437759041786194
2011,8,CO,2013,,2012,1,30070,0.467277377843857,458,235,1120,7646,1744,16959,0.729331493377686,0.922613203525543,0.519278407096863,0.391734391450882
2012,8,CO,2013,,2012,1,29424,0.461466431617737,583,233,1102,7214,1655,15368,0.653925538063049,0.815984845161438,0.382022678852081,0.372101902961731
2013,8,CO,2013,,2012,1,30495,0.476802468299866,0,220,1184,8912,1853,16771,0.705455780029297,0.900377511978149,0.433074593544006,0.376292258501053
2014,8,CO,2013,,2012,1,34509,0.474158406257629,0,232,1293,10464,1949,19085,0.7115318775177,0.845023453235626,0.475877285003662,0.342659592628479
2015,8,CO,2013,,2012,1,28882,0.493303567171097,0,202,1124,8269,1580,16399,0.779742658138275,0.950520157814026,0.464637726545334,0.435113668441772
2016,8,CO,2013,,2012,1,25692,0.497579872608185,0,171,1090,6891,1539,14754,0.821743547916412,0.911592662334442,0.475097000598908,0.425961434841156
2017,8,CO,2013,,2012,1,22379,0.461340636014938,0,145,1036,5659,1373,13007,0.666333198547363,0.873549818992615,0.365401715040207,0.387479305267334
2006,9,CT,2014,2018,2018,0,3706,0.598748207092285,0,14,109,1373,508,1327,1.49928402900696,1.28857362270355,0.882098853588104,0.505605399608612
2007,9,CT,2014,2018,2018,0,7261,0.532299757003784,0,26,171,2198,1741,2485,2.3305778503418,2.00823640823364,1.89872515201569,0.941105008125305
2008,9,CT,2014,2018,2018,0,9009,0.550572752952576,0,46,257,2616,1927,3298,2.44217395782471,1.76831448078156,1.36013090610504,0.652843832969666
2009,9,CT,2014,2018,2018,1,24349,0.645410656929016,3,121,897,8382,5593,8810,1.80397927761078,1.5797666311264,1.06431102752686,0.623904645442963
2010,9,CT,2014,2018,2018,0,39145,0.726037681102753,285,172,1191,12489,9121,13665,1.54823338985443,1.43166124820709,0.987059473991394,0.470733851194382
2011,9,CT,2014,2018,2018,1,35803,0.719907402992249,146,141,1112,9353,6504,10712,1.78363597393036,1.32280647754669,0.922377169132233,0.533879101276398
2012,9,CT,2014,2018,2018,1,34881,0.757281541824341,236,132,1195,10601,7022,10228,1.50796234607697,1.27678859233856,0.976074635982513,0.481394737958908
2013,9,CT,2014,2018,2018,1,36154,0.764753818511963,0,164,1359,13157,8075,12113,1.61328792572021,1.22716164588928,0.963704824447632,0.456125676631928
2014,9,CT,2014,2018,2018,1,34082,0.678767919540405,0,205,1287,12104,7199,12245,1.47493147850037,1.12634301185608,0.700820684432983,0.392998218536377
2015,9,CT,2014,2018,2018,1,38547,0.672816514968872,0,197,1780,14325,7756,13041,1.45674562454224,1.08108472824097,0.743625640869141,0.448075145483017
2016,9,CT,2014,2018,2018,1,30109,0.706194996833801,0,135,1014,12743,5959,9303,1.13751769065857,0.767711222171783,0.560052037239075,0.376936167478561
2017,9,CT,2014,2018,2018,0,28341,0.71959799528122,0,133,1343,12097,5978,7896,0.948671400547028,1.01173412799835,0.578903555870056,0.405721545219421
2006,12,FL,2011,,2009,,1749,0.559048414230347,0,2,24,267,282,751,1.21306526660919,1.02392292022705,0.82684987783432,0.509770572185516
2007,12,FL,2011,,2009,,1688,0.577898561954498,0,2,20,194,150,450,0.831551432609558,0.725017428398132,0.608814477920532,0.341530054807663
2008,12,FL,2011,,2009,,2451,0.599192023277283,0,1,39,261,438,1204,1.14733457565308,1.1039719581604,0.697393894195557,0.388602077960968
2009,12,FL,2011,,2009,,1808,0.616279065608978,94,9,37,215,465,998,0.825950503349304,1.33920860290527,0.562938332557678,0.429125130176544
2010,12,FL,2011,,2009,,2519,0.64661705493927,104,11,56,340,518,1438,0.998831510543823,0.959136724472046,0.607531547546387,0.465764403343201
2011,12,FL,2011,,2009,,2257,0.736699223518372,81,13,40,239,519,1290,1.20194816589355,1.0444530248642,0.870404243469238,0.536909103393555
2012,12,FL,2011,,2009,,2684,0.671763718128204,46,11,47,332,532,1281,1.23064517974854,0.960750341415405,0.796299695968628,0.413199722766876
2013,12,FL,2011,,2009,,,,,,,,,,,,,
2014,12,FL,2011,,2009,,,,,,,,,,,,,
2015,12,FL,2011,,2009,,,,,,,,,,,,,
2016,12,FL,2011,,2009,,,,,,,,,,,,,
2017,12,FL,2011,,2009,,,,,,,,,,,,,
2006,13,GA,2014,,2014,,4321,0.811501622200012,0,4,27,96,3064,1060,3.78949236869812,1.97352147102356,3.09282922744751,0.634540259838104
2007,13,GA,2014,,2014,,5014,0.698548257350922,0,5,33,103,2441,1672,3.06861352920532,2.000492811203,2.12488126754761,0.682573616504669
2008,13,GA,2014,,2014,,6713,0.687338531017304,0,9,56,292,2975,3180,2.05346751213074,1.78410112857819,1.18558704853058,0.499273777008057
2009,13,GA,2014,,2014,1,13725,0.728988111019135,62,25,91,570,5452,7177,1.3958785533905,1.20727396011353,1.05323362350464,0.53908908367157
2010,13,GA,2014,,2014,1,32554,0.736842095851898,613,82,875,4927,12361,13253,1.00704562664032,1.05476939678192,0.735775053501129,0.367796242237091
2011,13,GA,2014,,2014,1,27431,0.71573007106781,572,71,767,4711,9016,12250,0.956217288970947,0.866874694824219,0.644520699977875,0.321039617061615
2012,13,GA,2014,,2014,1,23872,0.730649769306183,414,69,630,4050,7881,8888,1.05517625808716,0.973523378372192,0.76106870174408,0.464508205652237
2013,13,GA,2014,,2014,1,24008,0.771853446960449,69,49,802,5250,8796,8391,1.10150074958801,0.717606902122498,0.626818895339966,0.334516137838364
2014,13,GA,2014,,2014,1,24638,0.722227394580841,0,134,749,4958,8324,9606,0.753504395484924,0.683358669281006,0.57019168138504,0.259910821914673
2015,13,GA,2014,,2014,1,32840,0.761592507362366,0,44,940,5620,12747,12350,0.764526009559631,0.680718183517456,0.538906455039978,0.308170139789581
2016,13,GA,2014,,2014,1,30265,0.766114175319672,0,38,932,5512,11367,11363,0.804597675800324,0.787804365158081,0.551724195480347,0.27871161699295
2017,13,GA,2014,,2014,1,28648,0.760879755020142,0,48,949,5540,11203,9975,0.895970821380615,0.791808903217316,0.525779247283936,0.34542316198349
2006,16,ID,2014,,2016,,,,,,,,,,,,,
2007,16,ID,2014,,2016,,,,,,,,,,,,,
2008,16,ID,2014,,2016,,,,,,,,,,,,,
2009,16,ID,2014,,2016,1,778,0.452398151159287,0,4,7,104,15,618,1.8030036687851,3.23610401153564,1.22055220603943,1.42674374580383
2010,16,ID,2014,,2016,1,3277,0.478775918483734,17,39,32,281,32,2846,3.01272392272949,2.18317151069641,2.26130080223084,1.08331608772278
2011,16,ID,2014,,2016,1,3208,0.575667679309845,0,21,29,267,33,2525,1.51722037792206,1.70951116085053,1.06837606430054,0.840751767158508
2012,16,ID,2014,,2016,1,3105,0.519862651824951,25,15,38,294,19,2456,2.41712713241577,1.70616590976715,1.57884013652802,0.993141412734985
2013,16,ID,2014,,2016,0,2860,0.476859867572784,0,25,45,346,29,2340,2.48526906967163,1.12437629699707,1.64590573310852,0.442718058824539
2014,16,ID,2014,,2016,0,3158,0.498772710561752,0,33,35,353,41,2544,1.86238408088684,1.17585122585297,1.03545105457306,0.498558044433594
2015,16,ID,2014,,2016,,3183,0.492557495832443,0,32,32,355,35,2614,2.18520283699036,1.09717297554016,0.960026323795319,0.477948874235153
2016,16,ID,2014,,2016,,2809,0.449623644351959,0,30,32,342,35,2246,0.833876073360443,0.903788328170776,0.429074645042419,0.485017418861389
2017,16,ID,2014,,2016,,2534,0.501377403736115,0,30,31,323,33,1995,2.18324255943298,1.03335809707642,0.89953339099884,0.607097864151001
2006,17,IL,2016,,,1,24444,0.57507985830307,0,39,808,3274,7587,9231,1.95822441577911,1.9097934961319,1.19949495792389,0.816599786281586
2007,17,IL,2016,,,1,36659,0.597183108329773,0,51,1170,4895,12940,15064,2.4038462638855,1.83566439151764,1.50765073299408,0.796568632125855
2008,17,IL,2016,,,0,60347,0.525080025196075,0,118,2319,7554,18558,25397,2.04554486274719,1.6328239440918,1.25862240791321,0.582687556743622
2009,17,IL,2016,,,1,95400,0.520868122577667,3330,231,3638,15340,21487,44554,1.67757618427277,1.49085867404938,0.897112429141998,0.558659195899963
2010,17,IL,2016,,,1,118176,0.496925503015518,2761,333,4586,19014,24145,58266,1.43070781230927,1.44416761398315,0.843085050582886,0.546135425567627
2011,17,IL,2016,,,1,135469,0.511744976043701,2835,375,5073,22451,26945,65801,1.54773545265198,1.53564190864563,0.892275631427765,0.57428514957428
2012,17,IL,2016,,,1,145514,0.505767524242401,2887,388,5938,24783,28185,71335,1.43678164482117,1.27732801437378,0.915942549705505,0.496316224336624
2013,17,IL,2016,,,1,138799,0.505324304103851,169,462,5957,24324,28092,73162,1.4832535982132,1.26262629032135,0.834884405136108,0.453250467777252
2014,17,IL,2016,,,1,134722,0.558213710784912,0,452,6151,24763,26854,70794,1.45580589771271,1.33837187290192,0.846254229545593,0.511513411998749
2015,17,IL,2016,,,1,139614,0.513298630714417,0,399,6708,26464,27517,71722,1.41666495800018,1.19668316841126,0.813617289066315,0.453001618385315
2016,17,IL,2016,,,1,138979,0.506864309310913,0,443,5947,26728,27344,72188,1.20562219619751,1.12907707691193,0.734507441520691,0.442152261734009
2017,17,IL,2016,,,1,146602,0.515191555023193,0,452,6121,29167,29821,74204,1.26058602333069,1.0979585647583,0.713371753692627,0.437062919139862
2006,18,IN,2014,2009,,,,,,,,,,,,,,
2007,18,IN,2014,2009,,,,,,,,,,,,,,
2008,18,IN,2014,2009,,,,,,,,,,,,,,
2009,18,IN,2014,2009,,,,,,,,,,,,,,
2010,18,IN,2014,2009,,0,1691,0.784170985221863,61,8,15,391,194,1006,3.69318342208862,1.66697061061859,1.97522068023682,0.615462183952332
2011,18,IN,2014,2009,,,1810,0.781446278095245,79,7,7,318,230,916,3.2011604309082,2.34471702575684,1.56530010700226,0.935954809188843
2012,18,IN,2014,2009,,1,1769,0.756640493869782,60,7,6,306,212,923,2.64425730705261,1.99143385887146,1.1559807062149,0.963803470134735
2013,18,IN,2014,2009,,,1403,0.684100389480591,24,2,11,362,142,829,1.58452415466309,1.89559638500214,0.296490699052811,1.18333911895752
2014,18,IN,2014,2009,,0,1792,0.790650248527527,0,9,12,476,257,947,3.22581005096436,1.49831521511078,1.59258055686951,0.686460316181183
2015,18,IN,2014,2009,,,1879,0.750459909439087,0,5,28,510,303,938,2.69047832489014,1.16767346858978,1.36998629570007,0.447781980037689
2016,18,IN,2014,2009,,,1862,0.759223818778992,0,4,28,506,295,937,1.62844300270081,0.922920703887939,0.840414047241211,0.42175704240799
2017,18,IN,2014,2009,,,758,0.90816342830658,0,1,1,168,273,265,3.25891494750977,1.64829182624817,2.31365728378296,0.745962083339691
2006,19,IA,,,,1,9769,0.335213899612427,0,56,224,579,799,7236,2.75661754608154,2.22565507888794,1.56086683273315,0.91980242729187
2007,19,IA,,,,1,13269,0.384479165077209,0,137,386,1313,1325,8834,1.97614932060242,1.73243832588196,1.23004138469696,0.817242383956909
2008,19,IA,,,,0,16350,0.384920626878738,0,148,412,1517,1514,10919,2.35578632354736,1.82003903388977,1.48574614524841,0.739401876926422
2009,19,IA,,,,1,16469,0.457485020160675,35,87,296,1351,1269,10906,2,1.60347104072571,1.16959059238434,0.614563286304474
2010,19,IA,,,,1,14451,0.462442845106125,44,263,294,1618,779,9836,2.06203126907349,1.40377736091614,1.20514452457428,0.565782129764557
2011,19,IA,,,,1,14354,0.49915611743927,103,196,293,1841,707,9470,2.06438660621643,1.67441511154175,1.10018086433411,0.635683536529541
2012,19,IA,,,,1,18197,0.493426382541657,283,171,416,2240,822,12181,1.91737604141235,1.87617433071136,1.52127623558044,0.625398397445679
2013,19,IA,,,,1,21465,0.478405296802521,19,329,346,2617,882,15926,1.7373423576355,1.50855600833893,1.30798494815826,0.60337370634079
2014,19,IA,,,,1,26448,0.472989201545715,0,428,406,3426,950,20373,1.9689427614212,1.82041132450104,1.33154487609863,0.694444477558136
2015,19,IA,,,,1,29308,0.459915608167648,0,236,433,3672,1177,22483,1.7340931892395,1.7939760684967,1.3790990114212,0.77596378326416
2016,19,IA,,,,1,25666,0.435862064361572,0,186,340,2770,987,20526,2.14793133735657,1.71955394744873,1.5402592420578,0.612281680107117
2017,19,IA,,,,1,24146,0.445822477340698,0,122,311,2342,951,19631,1.97913658618927,1.47565197944641,1.35063326358795,0.620504021644592
2006,20,KS,2014,,,1,852,0.493352293968201,0,8,13,33,53,570,1.83488869667053,2.3590772151947,1.4747074842453,1.61067652702332
2007,20,KS,2014,,,1,764,0.50699245929718,0,7,13,28,39,498,2.40498042106628,2.57515692710876,2.1214873790741,1.80922758579254
2008,20,KS,2014,,,1,1693,0.664180636405945,0,24,28,63,216,1466,1.55557346343994,1.67692375183105,1.10382854938507,0.859449982643127
2009,20,KS,2014,,,0,2621,0.575609743595123,0,17,22,137,208,2094,3.40073919296265,2.20426630973816,3.23548579216003,0.542986452579498
2010,20,KS,2014,,,1,3712,0.569260835647583,23,27,32,210,213,2794,1.56893610954285,2.11225366592407,1.28488659858704,0.695551693439484
2011,20,KS,2014,,,1,3559,0.565952658653259,0,21,39,209,212,2653,2.22489714622498,1.56527435779572,1.96228623390198,0.420521438121796
2012,20,KS,2014,,,1,3011,0.596383213996887,40,27,39,246,221,2558,2.0303225517273,0.913994133472443,1.60035157203674,0.312663853168488
2013,20,KS,2014,,,0,2192,0.598329305648804,0,16,23,176,68,1823,2.82602071762085,1.60882043838501,1.85803616046906,0.575116157531738
2014,20,KS,2014,,,1,2886,0.473360419273377,0,12,35,160,182,2311,1.65462851524353,0.635436415672302,1.16186392307282,0.272845685482025
2015,20,KS,2014,,,1,3509,0.564556956291199,0,18,36,207,194,2763,1.94174766540527,1.38993692398071,1.40805089473724,0.397124826908112
2016,20,KS,2014,,,1,3009,0.603049099445343,0,15,26,175,171,2388,1.22375619411469,1.3488382101059,0.879130244255066,0.466786086559296
2017,20,KS,2014,,,1,1165,0.547239243984222,0,8,9,112,17,937,2.06070733070374,1.882483959198,1.49262046813965,0.534669995307922
2006,21,KY,2014,,,,10989,0.56212306022644,0,9,106,216,650,10152,1.77404296398163,1.12355673313141,1.36583065986633,0.423280447721481
2007,21,KY,2014,,,,13710,0.531465888023377,0,13,165,328,935,11931,1.77530539035797,1.1996169090271,1.10895705223084,0.385922282934189
2008,21,KY,2014,,,,22197,0.543624341487885,0,29,252,592,1572,17504,1.59583210945129,1.34897089004517,1.20811247825623,0.415928661823273
2009,21,KY,2014,,,1,37212,0.570904195308685,491,47,402,1039,2385,30854,1.47744536399841,1.07505893707275,0.868295907974243,0.324141502380371
2010,21,KY,2014,,,1,47158,0.572769939899445,343,51,692,1654,2960,37504,1.23917829990387,0.974821627140045,0.817381620407105,0.300535202026367
2011,21,KY,2014,,,1,43279,0.619140625,578,49,704,1778,3111,35055,1.36670410633087,0.998157203197479,0.830871522426605,0.32545131444931
2012,21,KY,2014,,,1,43711,0.600852251052856,631,50,703,1958,2805,35244,0.943914949893951,0.862800598144531,0.597572386264801,0.280272841453552
2013,21,KY,2014,,,1,42482,0.579986035823822,55,41,720,2156,2860,35019,0.854027390480042,0.773302257061005,0.558829128742218,0.21424263715744
2014,21,KY,2014,,,1,39442,0.626865684986115,0,36,837,2220,2277,32938,0.877637147903442,0.74197119474411,0.549059450626373,0.257718682289124
2015,21,KY,2014,,,1,48928,0.652777552604675,0,58,995,2833,3225,40072,0.706104516983032,0.697051405906677,0.427938997745514,0.246162086725235
2016,21,KY,2014,,,1,41462,0.651105642318726,0,54,991,2446,2804,33512,0.838926196098328,0.765564680099487,0.543814122676849,0.285728484392166
2017,21,KY,2014,,,1,40704,0.64853048324585,0,53,1056,2483,2693,32744,0.78804361820221,0.702283501625061,0.571566104888916,0.255813509225845
2006,22,LA,2012,2009,2007,,339,0.912850797176361,0,2,2,0,299,37,3.12206268310547,2.30797624588013,2.71082329750061,0.360883563756943
2007,22,LA,2012,2009,2007,,1084,0.733333349227905,0,5,7,18,482,572,6.34344959259033,2.59856939315796,4.90040683746338,0.912059128284454
2008,22,LA,2012,2009,2007,,1488,0.680187225341797,0,11,12,32,542,893,7.86492967605591,1.92930793762207,5.85855579376221,0.360014408826828
2009,22,LA,2012,2009,2007,,1561,0.677009880542755,0,7,19,35,568,927,8.6028470993042,1.24655973911285,5.49153423309326,0.315687239170074
2010,22,LA,2012,2009,2007,,1256,0.589132845401764,1,7,5,16,275,947,5.93993854522705,1.49722301959991,4.2765531539917,0.297332584857941
2011,22,LA,2012,2009,2007,,1578,0.711911380290985,0,7,3,17,596,959,6.83611154556274,1.5777473449707,5.12800359725952,0.501595973968506
2012,22,LA,2012,2009,2007,,1509,0.703488349914551,0,10,10,25,575,890,3.80796957015991,1.53520965576172,3.28807020187378,0.333741247653961
2013,22,LA,2012,2009,2007,,1392,0.901803612709045,0,9,3,20,759,602,3.9005618095398,1.12959218025208,3.35491991043091,0.307790786027908
2014,22,LA,2012,2009,2007,,1508,0.683051705360413,0,7,11,23,590,875,1.73671936988831,0.712653815746307,1.28157913684845,0.158052787184715
2015,22,LA,2012,2009,2007,,1394,0.689703702926636,0,7,7,27,457,897,1.03042840957642,0.374820947647095,0.722822666168213,0.142709210515022
2016,22,LA,2012,2009,2007,,1588,0.697530865669251,0,7,6,27,643,900,1.2544219493866,0.623443186283112,0.893437325954437,0.245278388261795
2017,22,LA,2012,2009,2007,,1388,0.666290283203125,0,5,5,25,420,899,1.40405929088593,0.371441930532455,1.14346778392792,0.199166163802147
2006,23,ME,2016,,,,,,,,,,,,,,,
2007,23,ME,2016,,,,,,,,,,,,,,,
2008,23,ME,2016,,,,411,0.260657727718353,0,2,4,2,2,401,0.431099385023117,1.37541234493256,0.273713886737824,0.390042275190353
2009,23,ME,2016,,,,,,,,,,,,,,,
2010,23,ME,2016,,,0,1688,0.47809624671936,17,11,8,16,11,1476,1.19704067707062,2.01013255119324,0.518883109092712,1.09942889213562
2011,23,ME,2016,,,1,3660,0.0776340141892433,0,19,19,31,40,2746,3.73190784454346,3.85281372070313,1.93990516662598,1.56471717357636
2012,23,ME,2016,,,1,6039,0.474226802587509,28,29,91,88,138,5033,2.33918118476868,3.0014431476593,1.05420780181885,0.77599310874939
2013,23,ME,2016,,,1,5553,0.472563236951828,0,22,84,95,133,5147,2.58676862716675,2.46269726753235,1.73272526264191,0.876273393630981
2014,23,ME,2016,,,1,5764,0.501517057418823,0,32,67,96,139,5356,2.43438363075256,2.1941249370575,1.50839495658875,0.697805285453796
2015,23,ME,2016,,,1,5922,0.502780854701996,0,29,95,107,139,5451,2.42285704612732,2.48075413703918,1.77142858505249,1.02857136726379
2016,23,ME,2016,,,1,5899,0.496703296899796,0,27,94,107,129,5401,1.63695502281189,2.15233039855957,0.749831020832062,0.934672355651855
2017,23,ME,2016,,,1,5859,0.502780854701996,0,29,88,115,139,5349,1.72451591491699,2.21164011955261,1.25714290142059,0.759240746498108
2006,24,MD,2013,2009,2014,0,49881,0.312966406345367,0,273,1980,3162,17138,25616,1.45327484607697,0.868282198905945,1.01462852954865,0.330091238021851
2007,24,MD,2013,2009,2014,0,64375,0.309359610080719,0,335,2711,4929,22183,31455,1.11789190769196,0.704642653465271,0.654378175735474,0.290737926959991
2008,24,MD,2013,2009,2014,1,71350,0.351924598217011,0,359,3095,5845,24500,33944,1.2077294588089,0.765791475772858,0.828993320465088,0.287554621696472
2009,24,MD,2013,2009,2014,1,81104,0.366400003433228,65,416,3678,6586,25113,37219,0.952275156974792,0.669077754020691,0.662251651287079,0.252899914979935
2010,24,MD,2013,2009,2014,1,78947,0.403722286224365,401,333,3423,7281,23369,36131,0.881274342536926,0.691163241863251,0.582521319389343,0.252000272274017
2011,24,MD,2013,2009,2014,1,79641,0.393939405679703,1546,345,3430,8135,23859,36616,0.676097333431244,0.591563761234283,0.437572360038757,0.231991648674011
2012,24,MD,2013,2009,2014,1,78376,0.420726180076599,2466,343,3418,8589,25638,34661,0.723218083381653,0.564640581607819,0.436955571174622,0.217571124434471
2013,24,MD,2013,2009,2014,1,75514,0.418049097061157,152,321,3307,9129,24331,34023,0.715372920036316,0.504658401012421,0.392059445381165,0.197157636284828
2014,24,MD,2013,2009,2014,1,84629,0.432108998298645,0,374,4019,11265,26785,37216,0.510195374488831,0.473462104797363,0.308708637952805,0.191773623228073
2015,24,MD,2013,2009,2014,1,79218,0.446783483028412,0,309,3317,11272,24845,34369,0.65370512008667,0.531141519546509,0.365049064159393,0.201738804578781
2016,24,MD,2013,2009,2014,1,75902,0.442129641771317,0,272,2977,10716,23619,33132,0.621159017086029,0.547650873661041,0.325015842914581,0.209536746144295
2017,24,MD,2013,2009,2014,1,53051,0.451612889766693,0,163,2165,8551,13480,25377,0.612917482852936,0.606173932552338,0.366923362016678,0.216592907905579
2006,25,MA,2013,,,,,,,,,,,,,,,
2007,25,MA,2013,,,,,,,,,,,,,,,
2008,25,MA,2013,,,1,812,0.509343266487122,0,4,33,125,24,606,0.233943790197372,0.200455754995346,0.14767137169838,0.115710511803627
2009,25,MA,2013,,,1,879,0.545878410339356,0,2,53,128,32,648,0.205527633428574,0.224748224020004,0.132771193981171,0.120418719947338
2010,25,MA,2013,,,0,876,0.572023212909699,0,0,56,129,27,637,0.377177506685257,0.253969550132751,0.250337809324265,0.0984349846839905
2011,25,MA,2013,,,,906,0.58632880449295,0,2,65,153,27,640,0.26473730802536,0.284782886505127,0.203381523489952,0.14201220870018
2012,25,MA,2013,,,1,894,0.606817603111267,0,2,76,145,34,622,0.161203011870384,0.280444592237473,0.120915308594704,0.0716917887330055
2013,25,MA,2013,,,,916,0.623284816741943,0,2,84,147,42,604,0.297145038843155,0.232179671525955,0.200262203812599,0.0450601577758789
2014,25,MA,2013,,,,937,0.697247743606567,0,2,96,139,41,632,0.18498957157135,0.153331637382507,0.126927733421326,0.045319739729166
2015,25,MA,2013,,,,948,0.568033576011658,0,1,98,130,34,654,0.287311553955078,0.263434201478958,0.198766753077507,0.150914147496223
2016,25,MA,2013,,,,966,0.568033576011658,0,1,98,130,34,654,0.330685645341873,0.266769796609879,0.201316654682159,0.148984223604202
2017,25,MA,2013,,,,975,0.568033576011658,0,1,98,130,34,654,0.371898353099823,0.381381005048752,0.273376047611237,0.261613756418228
2006,26,MI,2011,,2017,0,16943,0.56886225938797,0,132,217,1123,3927,9730,2.76345777511597,2.540611743927,1.60191321372986,1.11762499809265
2007,26,MI,2011,,2017,0,38332,0.537366807460785,0,523,608,2962,6087,22487,1.99343132972717,2.18299674987793,1.29864573478699,0.848006725311279
2008,26,MI,2011,,2017,0,41340,0.577302932739258,0,523,1233,3036,6400,23667,2.13568019866943,2.01563382148743,1.28693175315857,0.862545609474182
2009,26,MI,2011,,2017,0,42471,0.631025612354279,13,566,750,3285,7599,25645,1.69079673290253,1.85372853279114,1.04526937007904,0.776764392852783
2010,26,MI,2011,,2017,0,43561,0.623670220375061,194,509,691,3923,7745,25208,1.79501795768738,1.82393193244934,1.08294796943665,0.780309677124023
2011,26,MI,2011,,2017,1,46244,0.619640409946442,402,613,812,3841,8168,27808,2.02420234680176,1.81673073768616,1.34445190429688,0.805588245391846
2012,26,MI,2011,,2017,1,50651,0.644247770309448,705,493,807,4743,9623,27630,1.71015775203705,1.84284245967865,1.13491272926331,0.722385168075562
2013,26,MI,2011,,2017,0,29971,0.588972449302673,0,360,473,2416,3905,21538,1.65500199794769,1.7040148973465,0.969473958015442,0.696492969989777
2014,26,MI,2011,,2017,0,25464,0.593974173069,0,434,343,2692,2764,17998,1.69270837306976,1.9157087802887,1.00203692913055,0.776140511035919
2015,26,MI,2011,,2017,1,26023,0.589707732200623,0,127,381,3027,2802,18437,1.5724618434906,1.59408009052277,1.00792622566223,0.71502411365509
2016,26,MI,2011,,2017,1,25497,0.638928115367889,0,126,387,2941,3120,17449,1.99994385242462,1.90857219696045,1.16300559043884,0.790599405765533
2017,26,MI,2011,,2017,1,26374,0.644113898277283,0,140,368,3631,3487,17498,2.01866817474365,1.75015163421631,1.3203558921814,0.750227093696594
2006,27,MN,2014,2016,,1,2043,0.365105003118515,0,34,14,20,23,1553,1.29424285888672,2.08207273483276,0.876597106456757,0.882539451122284
2007,27,MN,2014,2016,,0,3741,0.302729368209839,0,34,48,46,62,3169,0.73135370016098,1.47820210456848,0.453564882278442,0.738715529441834
2008,27,MN,2014,2016,,1,4916,0.26560840010643,0,36,104,76,139,3939,1.36770510673523,1.22970628738403,0.90936154127121,0.608096539974213
2009,27,MN,2014,2016,,1,11816,0.372019082307816,0,86,1067,716,985,7276,1.21997272968292,0.980143070220947,0.779042720794678,0.404503464698792
2010,27,MN,2014,2016,,1,29280,0.432298421859741,3,224,3013,2262,3207,16395,1.34247517585754,1.2785964012146,0.838173747062683,0.531844615936279
2011,27,MN,2014,2016,,1,25961,0.434657037258148,92,190,2886,2047,2933,15214,1.84523808956146,1.3412698507309,0.961157381534576,0.589103281497955
2012,27,MN,2014,2016,,1,28830,0.43817538022995,214,187,3545,2208,3596,17242,1.78439068794251,1.50784230232239,1.07453346252441,0.565272808074951
2013,27,MN,2014,2016,,0,25388,0.449624001979828,28,182,3005,2002,3212,15891,1.92904365062714,1.52630853652954,1.20769500732422,0.504279494285584
2014,27,MN,2014,2016,,0,27713,0.43070787191391,0,191,3392,2150,3493,17640,1.58737909793854,1.61393082141876,0.993129432201385,0.589297115802765
2015,27,MN,2014,2016,,0,31067,0.418853282928467,0,202,3940,2747,4085,18896,1.53025722503662,1.42845821380615,0.896839261054993,0.580715715885162
2016,27,MN,2014,2016,,1,27737,0.439821690320969,0,226,3854,2640,4124,16050,1.29998862743378,1.43913853168488,0.854358732700348,0.691408514976502
2017,27,MN,2014,2016,,1,21698,0.448313385248184,0,145,3233,2263,3417,11770,1.25497567653656,1.33900368213654,0.775446474552155,0.554750382900238
2006,28,MS,2014,,,,,,,,,,,,,,,
2007,28,MS,2014,,,,,,,,,,,,,,,
2008,28,MS,2014,,,,,,,,,,,,,,,
2009,28,MS,2014,,,,1041,0.659568905830383,0,0,26,66,180,1020,0.536701440811157,0.920228898525238,0.308487117290497,0.401521921157837
2010,28,MS,2014,,,,3015,0.665436625480652,0,1,37,119,600,2242,0.836621999740601,1.11253917217255,0.519247233867645,0.415680080652237
2011,28,MS,2014,,,,1948,0.547839760780335,0,1,42,56,357,1254,1.97016894817352,1.92677593231201,1.43039798736572,0.70615565776825
2012,28,MS,2014,,,1,2328,0.782037258148193,0,0,34,73,491,1704,2.25797891616821,1.6419575214386,1.68851804733276,0.538568139076233
2013,28,MS,2014,,,1,3295,0.686635971069336,0,0,45,102,671,2441,0.995263695716858,1.1461067199707,0.803251385688782,0.485564291477203
2014,28,MS,2014,,,1,2543,0.531717658042908,0,1,52,96,505,1867,1.06940603256226,1.23118710517883,0.7971111536026,0.368573188781738
2015,28,MS,2014,,,1,3238,0.704651176929474,0,2,64,124,612,2355,0.804263591766357,0.881898760795593,0.484496116638184,0.321059882640839
2016,28,MS,2014,,,1,3205,0.718009471893311,0,2,75,123,630,2339,0.710900485515595,1.08542549610138,0.464060038328171,0.405998855829239
2017,28,MS,2014,,,1,3203,0.750464379787445,0,2,77,137,627,2293,1.28600823879242,1.48605394363403,0.971650660037994,0.304076254367828
2006,29,MO,2013,,,0,2893,0.601869165897369,0,18,63,136,373,2003,2.34453773498535,2.13528895378113,1.69216191768646,0.822728216648102
2007,29,MO,2013,,,1,6272,0.46278315782547,0,33,104,235,591,5109,1.91318118572235,2.15179324150085,1.25757682323456,0.868551015853882
2008,29,MO,2013,,,1,14142,0.48128342628479,0,103,290,606,1113,12079,1.73275303840637,1.80124223232269,1.15651190280914,0.672268927097321
2009,29,MO,2013,,,1,27970,0.505236625671387,34,199,664,1434,2154,22648,1.38067650794983,1.42286992073059,0.931178212165833,0.58304750919342
2010,29,MO,2013,,,1,28572,0.509013772010803,148,175,585,1671,1984,22146,1.98196363449097,1.80023634433746,1.15131270885468,0.666905522346497
2011,29,MO,2013,,,1,28561,0.527153313159943,172,165,559,1725,1951,22194,1.73751950263977,1.66505074501038,1.0817232131958,0.615527629852295
2012,29,MO,2013,,,1,28409,0.546099305152893,223,222,488,1805,1714,22667,1.7918313741684,1.56336057186127,1.19921100139618,0.59382426738739
2013,29,MO,2013,,,1,28365,0.555461466312408,0,209,505,1944,1948,22455,1.96894705295563,1.45028162002563,1.18917047977448,0.606684982776642
2014,29,MO,2013,,,1,29047,0.577454328536987,0,175,482,1990,1943,23256,1.81912875175476,1.48251748085022,0.977169454097748,0.637760698795319
2015,29,MO,2013,,,1,20210,0.539603233337402,0,155,231,1249,1055,16666,1.76116049289703,1.51450788974762,1.06549000740051,0.546941757202148
2016,29,MO,2013,,,1,14923,0.538860082626343,0,76,128,769,578,12961,1.91159176826477,1.48871338367462,1.19642782211304,0.714285731315613
2017,29,MO,2013,,,1,11726,0.545927226543427,0,63,118,617,515,10065,1.70984482765198,1.78030526638031,1.10048127174377,0.629095673561096
2006,30,MT,,,,0,2856,0.406542062759399,0,41,29,71,6,2556,4.61171865463257,1.91458976268768,2.11640214920044,1.12710881233215
2007,30,MT,,,,,4872,0.408988773822784,0,221,56,113,64,4269,1.70912992954254,2.52466249465942,1.01329338550568,1.20137667655945
2008,30,MT,,,,,6089,0.426630437374115,0,298,85,175,118,5294,1.42071080207825,2.02853107452393,0.743532776832581,0.834361612796783
2009,30,MT,,,,1,8042,0.461333334445953,0,578,119,218,133,6581,1.54454362392426,1.69082129001617,0.766626834869385,0.715356349945068
2010,30,MT,,,,1,8518,0.443776398897171,0,827,85,306,141,7055,1.24775445461273,1.99612092971802,0.822035670280457,0.861376821994782
2011,30,MT,,,,1,14146,0.427947610616684,0,1239,141,508,226,11093,1.55445265769959,2.42921948432922,0.849298179149628,0.783718883991242
2012,30,MT,,,,1,18236,0.452694624662399,18,1772,196,614,257,13603,1.49097347259521,2.03189134597778,0.794802665710449,0.809339642524719
2013,30,MT,,,,1,20768,0.439678907394409,0,2735,270,762,274,15981,1.44971990585327,1.6778472661972,0.803891181945801,0.619416356086731
2014,30,MT,,,,1,14621,0.405912339687347,0,2266,183,509,138,11077,1.56570386886597,1.54009628295898,1.00147879123688,0.529326915740967
2015,30,MT,,,,1,15243,0.462857156991959,0,2584,196,568,150,11244,1.59467840194702,1.87125742435455,1.13542532920837,0.731869578361511
2016,30,MT,,,,1,15596,0.450980395078659,0,2656,194,571,143,11455,1.78637826442719,1.77505600452423,1.24686706066132,0.634920597076416
2017,30,MT,,,,1,15466,0.445344120264053,0,2566,198,568,141,11347,1.63073527812958,1.78571426868439,0.967074751853943,0.750082433223724
2006,31,NE,,,,,1843,0.562390148639679,0,10,47,155,55,1461,1.12986791133881,0.916276574134827,0.795092225074768,0.48573699593544
2007,31,NE,,,,,3666,0.463768124580383,0,21,85,526,143,2967,1.41507792472839,1.30462348461151,1.04633092880249,0.607684671878815
2008,31,NE,,,,,9587,0.406570851802826,0,376,177,896,365,6872,1.90879797935486,1.37545418739319,1.38042533397675,0.509886801242828
2009,31,NE,,,,,12681,0.414134979248047,91,445,289,1206,546,9972,1.41194593906403,1.14608860015869,1.00251460075378,0.485706806182861
2010,31,NE,,,,1,15455,0.454624354839325,153,415,323,1676,591,11412,1.48574709892273,1.1695864200592,0.984504878520966,0.441117227077484
2011,31,NE,,,,0,13493,0.479198157787323,177,462,308,1534,568,9966,1.86263060569763,1.54447865486145,1.09663152694702,0.545525908470154
2012,31,NE,,,,0,15248,0.5,105,447,380,1760,645,10909,2.52161383628845,1.33290922641754,1.36565947532654,0.496205747127533
2013,31,NE,,,,1,15252,0.512315273284912,32,297,408,1711,577,11062,1.92741751670837,1.37522101402283,1.3748596906662,0.465549349784851
2014,31,NE,,,,1,13051,0.434521317481995,0,104,375,1524,565,9955,2.71651124954224,1.58965706825256,1.21096956729889,0.52743399143219
2015,31,NE,,,,1,13884,0.459161162376404,0,90,319,1716,515,10717,1.674769282341,1.10207688808441,0.962235748767853,0.423226684331894
2016,31,NE,,,,1,11918,0.437219738960266,0,69,295,1339,444,9279,2.4411404132843,0.911458313465118,1.34099614620209,0.485790640115738
2017,31,NE,,,,1,12297,0.423200845718384,0,61,307,1534,441,9500,3.01155996322632,1.3636999130249,1.92366540431976,0.592118561267853
2006,33,NH,2016,,,1,9355,0.278026908636093,0,30,135,153,99,6305,3.93164539337158,3.76681613922119,2.79427671432495,1.39713835716248
2007,33,NH,2016,,,0,11305,0.271807134151459,0,37,185,254,140,8799,4.02982044219971,3.19597315788269,2.65096998214722,1.26873540878296
2008,33,NH,2016,,,0,10735,0.343949049711227,0,26,178,199,131,8143,5.12758445739746,3.54900765419006,3.64595937728882,1.36182856559753
2009,33,NH,2016,,,1,11876,0.354277104139328,2,40,213,236,157,9583,5.30186462402344,4.22794818878174,3.55996465682983,1.33334958553314
2010,33,NH,2016,,,0,12995,0.390168964862824,0,39,277,316,217,10574,3.9181957244873,3.74708008766174,2.48346614837647,1.19359862804413
2011,33,NH,2016,,,1,14117,0.396296292543411,4,40,222,279,200,10704,4.51444578170776,3.68858671188355,2.83993101119995,1.26835215091705
2012,33,NH,2016,,,,14306,0.405241638422012,0,51,319,356,236,11213,3.50235247612,3.29910802841187,2.1659369468689,1.11971771717072
2013,33,NH,2016,,,,13220,0.431818187236786,0,40,358,377,278,11196,3.47222232818604,2.7318069934845,2.17640328407288,1.09369301795959
2014,33,NH,2016,,,0,12713,0.421630144119263,0,86,357,409,283,11205,3.23317503929138,2.73654866218567,1.83671951293945,1.24006223678589
2015,33,NH,2016,,,0,13082,0.432307362556458,0,46,361,427,262,11619,3.72613096237183,3.31124496459961,2.39194107055664,1.37662959098816
2016,33,NH,2016,,,0,13788,0.441973865032196,0,50,400,448,296,12221,3.77832937240601,2.96980762481689,2.39617252349854,1.25114798545837
2017,33,NH,2016,,,0,14019,0.444297075271606,0,49,392,481,296,12387,4.55322360992432,3.14694952964783,2.76015615463257,1.10366070270538
2006,34,NJ,2013,2012,2016,,,,,,,,,,,,,
2007,34,NJ,2013,2012,2016,0,1737,0.493951618671417,0,0,84,346,745,463,1.09878182411194,1.00920712947845,0.567465424537659,0.494829684495926
2008,34,NJ,2013,2012,2016,,1946,0.500537097454071,0,1,95,384,768,464,0.692433953285217,0.74306333065033,0.372772693634033,0.435928702354431
2009,34,NJ,2013,2012,2016,,3747,0.563364624977112,4,12,172,1268,1048,642,0.351276814937592,0.614277303218842,0.156193122267723,0.296810418367386
2010,34,NJ,2013,2012,2016,,2441,0.566003024578095,15,0,62,505,920,456,0.554780185222626,0.529584527015686,0.2980095744133,0.21147683262825
2011,34,NJ,2013,2012,2016,,3421,0.64419150352478,32,4,238,1366,1056,709,0.351544976234436,0.508879005908966,0.203384935855865,0.189820796251297
2012,34,NJ,2013,2012,2016,0,2570,0.735343396663666,6,2,236,1349,874,521,0.345333695411682,0.460636496543884,0.222000226378441,0.23433355987072
2013,34,NJ,2013,2012,2016,,3104,0.753883898258209,0,2,246,1439,833,534,0.295037150382996,0.305750727653503,0.208170711994171,0.15765318274498
2014,34,NJ,2013,2012,2016,,3597,0.72141444683075,0,2,185,1386,1181,647,0.610615730285645,0.801411390304565,0.359673202037811,0.251931011676788
2015,34,NJ,2013,2012,2016,,1702,0.788879215717316,0,2,132,662,512,374,0.257648557424545,0.635133624076843,0.13781201839447,0.335542321205139
2016,34,NJ,2013,2012,2016,,1680,0.823209404945374,0,2,79,649,447,250,0.287921696901321,0.533854782581329,0.0959738940000534,0.359902113676071
2017,34,NJ,2013,2012,2016,,1234,0.831248164176941,0,1,25,624,419,140,0.606532454490662,0.671373128890991,0.206323742866516,0.432579070329666
2006,35,NM,2013,2009,,,695,0.978131234645844,0,43,6,533,6,101,0.510685086250305,2.00302338600159,0.34045672416687,0.944822371006012
2007,35,NM,2013,2009,,,880,0.839773833751679,0,35,7,615,7,107,1.26451420783997,2.48189616203308,0.600751519203186,1.07702612876892
2008,35,NM,2013,2009,,,662,0.690909087657929,0,33,8,432,6,80,0.860853433609009,1.93901407718658,0.460111290216446,1.18200170993805
2009,35,NM,2013,2009,,,2021,0.734177231788635,0,252,15,1158,17,359,0.994171142578125,1.62180817127228,0.396353542804718,0.806862592697144
2010,35,NM,2013,2009,,,1693,0.996825397014618,0,234,11,1137,16,303,0.804539322853088,1.87436676025391,0.423441737890244,1.06382977962494
2011,35,NM,2013,2009,,,1289,0.740677952766419,0,240,2,718,13,311,0.475517868995667,1.23822975158691,0.238765522837639,0.720338940620422
2012,35,NM,2013,2009,,,1296,0.728767096996307,0,244,3,727,16,308,0.681469440460205,1.38525474071503,0.33396515250206,0.892719745635986
2013,35,NM,2013,2009,,,1272,0.772070646286011,0,256,3,714,22,273,0.650972008705139,1.41414141654968,0.361155688762665,0.891742467880249
2014,35,NM,2013,2009,,,1857,0.869374334812164,0,271,10,1273,26,301,1.06630170345306,2.35541248321533,0.620683073997498,1.32420814037323
2015,35,NM,2013,2009,,,782,0.914536714553833,0,271,3,261,12,233,0.425304800271988,1.52574968338013,0.209277510643005,0.873140156269074
2016,35,NM,2013,2009,,,789,0.914536714553833,0,269,3,265,13,237,0.423303842544556,0.857393026351929,0.164135709404945,0.585305452346802
2017,35,NM,2013,2009,,,,,,,,,,,,,,
2006,36,NY,2012,,,1,2233,0.441784560680389,0,6,26,53,127,1831,1.98789036273956,4.3766040802002,1.29486429691315,1.56908488273621
2007,36,NY,2012,,,0,4489,0.436311781406403,0,19,423,327,314,3257,2.45402717590332,2.28936815261841,1.70944666862488,0.889232993125916
2008,36,NY,2012,,,1,7080,0.453164547681809,0,26,590,566,419,5001,2.73716926574707,2.41760754585266,1.40211856365204,1.08359324932098
2009,36,NY,2012,,,0,6567,0.496204137802124,0,27,543,327,324,4852,3.90519094467163,2.88463163375855,2.04874181747437,0.928730666637421
2010,36,NY,2012,,,1,6956,0.504484295845032,0,26,714,572,367,4692,3.22780871391296,2.72048354148865,1.97254979610443,0.806069254875183
2011,36,NY,2012,,,0,6003,0.5,2,26,621,328,225,4779,3.17153429985046,3.01491117477417,2.03448486328125,0.847204804420471
2012,36,NY,2012,,,1,6341,0.487756252288818,5,27,722,561,298,4875,2.48851823806763,2.46392154693604,1.61526966094971,0.834300041198731
2013,36,NY,2012,,,1,6693,0.526016533374786,0,23,696,585,305,4800,3.58683300018311,2.01696133613586,1.79474711418152,0.788755059242249
2014,36,NY,2012,,,1,5344,0.569047629833221,0,25,242,448,232,4299,3.70804047584534,3.1821928024292,2.3679416179657,1.27255296707153
2015,36,NY,2012,,,1,6450,0.599945962429047,0,31,685,647,307,4634,2.36183929443359,2.2885274887085,1.74077594280243,0.925269544124603
2016,36,NY,2012,,,1,4711,0.574117660522461,0,26,469,378,158,3580,4.10018157958984,2.63812017440796,2.47595238685608,0.867355227470398
2017,36,NY,2012,,,,586,0.811229944229126,0,3,1,29,23,453,9.86288642883301,3.73312306404114,6.84705877304077,0.965579390525818
2006,37,NC,2011,,2011,1,21777,0.421697288751602,0,81,752,2339,7343,8569,1.08607816696167,0.990601897239685,0.672221004962921,0.462121605873108
2007,37,NC,2011,,2011,0,53610,0.488659799098969,0,242,1914,5945,17777,22233,1.10094177722931,1.01983976364136,0.655770778656006,0.4733966588974
2008,37,NC,2011,,2011,1,68497,0.479579091072083,0,277,2862,7855,22758,28980,0.870546221733093,0.955603003501892,0.556590795516968,0.401698052883148
2009,37,NC,2011,,2011,1,69188,0.506894826889038,2186,221,2466,7661,19494,27711,0.773683667182922,0.868493556976318,0.474037528038025,0.393945753574371
2010,37,NC,2011,,2011,1,70601,0.529832005500794,2180,800,3131,9719,21632,30365,0.776469588279724,0.843143463134766,0.470666646957398,0.363089352846146
2011,37,NC,2011,,2011,1,74584,0.566052675247192,2116,730,3391,11123,22596,29842,0.720562696456909,0.83149266242981,0.426762640476227,0.373611748218536
2012,37,NC,2011,,2011,1,86190,0.619718313217163,2464,798,3972,14475,27697,34353,0.523062288761139,0.727573096752167,0.289514869451523,0.291600376367569
2013,37,NC,2011,,2011,0,35569,0.760843098163605,13,355,1532,7504,12360,12272,0.38828033208847,0.563298881053925,0.231245070695877,0.235133767127991
2014,37,NC,2011,,2011,0,26786,0.964229941368103,0,174,1392,6223,9150,8704,0.335524141788483,0.494992554187775,0.226794421672821,0.235053360462189
2015,37,NC,2011,,2011,1,26530,0.964020729064941,0,129,1196,6152,8436,9523,0.358806192874908,0.531520485877991,0.172071173787117,0.265754699707031
2016,37,NC,2011,,2011,1,23443,0.931531548500061,0,114,1023,5566,7269,8530,0.364365845918655,0.497777760028839,0.208818972110748,0.242812752723694
2017,37,NC,2011,,2011,1,19625,0.925631761550903,0,66,926,4605,6677,6509,0.403165310621262,0.558730185031891,0.234398439526558,0.240963861346245
2006,38,ND,2015,,,1,1663,0.429057896137238,0,681,17,44,16,904,5.08858871459961,2.48955988883972,3.10041522979736,0.985565841197968
2007,38,ND,2015,,,,2544,0.525322735309601,0,821,63,76,66,1855,1.78244495391846,2.05574774742126,1.34797096252441,1.017333984375
2008,38,ND,2015,,,,3044,0.503896117210388,0,830,61,85,97,1982,2.72708964347839,1.8410359621048,2.36011981964111,0.546789526939392
2009,38,ND,2015,,,0,3884,0.481876343488693,0,908,71,122,123,2562,1.95270121097565,1.47792947292328,1.34248208999634,0.597483515739441
2010,38,ND,2015,,,0,5493,0.454177439212799,0,829,90,115,172,3887,1.481400847435,1.41525483131409,1.02045094966888,0.536728858947754
2011,38,ND,2015,,,,6279,0.442776739597321,0,817,121,365,259,4465,1.40192663669586,1.82797288894653,0.992006480693817,0.504854381084442
2012,38,ND,2015,,,,6381,0.425427883863449,0,926,133,400,307,4462,1.54568195343018,1.67123866081238,1.06792569160461,0.4438895881176
2013,38,ND,2015,,,,6122,0.436817467212677,0,858,140,324,353,4318,1.43509459495544,1.35384726524353,0.901832818984985,0.478916466236115
2014,38,ND,2015,,,,5158,0.443131476640701,0,644,123,402,382,3518,1.35233676433563,1.40684866905212,0.9765625,0.455093026161194
2015,38,ND,2015,,,,5861,0.46307384967804,0,961,159,465,501,3672,1.12268912792206,1.18948817253113,0.752941191196442,0.508489549160004
2016,38,ND,2015,,,,6568,0.446153849363327,0,957,350,512,500,4123,1.00546443462372,1.13014948368073,0.693208396434784,0.48459005355835
2017,38,ND,2015,,,,6473,0.412331402301788,0,947,187,564,559,4034,1.1697860956192,1.33757078647614,0.635347068309784,0.514450371265411
2006,39,OH,2013,,2017,0,11676,0.383737504482269,0,15,72,275,1825,9010,2.00180792808533,1.62973165512085,1.44216275215149,0.769899249076843
2007,39,OH,2013,,2017,0,16951,0.598294377326965,0,34,111,342,2450,12786,2.1778507232666,1.43565773963928,1.46216917037964,0.562796115875244
2008,39,OH,2013,,2017,0,20872,0.477949649095535,0,36,140,455,2254,15549,1.40188145637512,1.34527862071991,0.984544038772583,0.524223625659943
2009,39,OH,2013,,2017,0,24255,0.578123688697815,231,38,183,533,2865,18338,2.25320482254028,1.51318025588989,1.13171696662903,0.585771560668945
2010,39,OH,2013,,2017,0,23844,0.553963720798492,201,38,180,713,2875,17577,1.57956993579865,1.21632516384125,0.963020026683807,0.485790640115738
2011,39,OH,2013,,2017,0,21617,0.591683268547058,255,34,155,824,3152,15458,1.36103796958923,1.25102174282074,0.960179805755615,0.573298454284668
2012,39,OH,2013,,2017,0,23985,0.636055588722229,141,34,178,906,3080,16534,1.15797019004822,0.965083718299866,0.793136954307556,0.403297483921051
2013,39,OH,2013,,2017,0,21133,0.588138401508331,0,26,224,958,2411,16165,1.06382977962494,0.766550540924072,0.539735734462738,0.300480782985687
2014,39,OH,2013,,2017,0,24986,0.583756327629089,0,35,198,1163,3395,18468,0.912972092628479,0.774016201496124,0.581395328044891,0.307679682970047
2015,39,OH,2013,,2017,0,19453,0.567299008369446,0,33,156,893,2885,14235,1.08789372444153,0.793054521083832,0.741564750671387,0.354787528514862
2016,39,OH,2013,,2017,0,16180,0.570712745189667,0,26,64,702,2674,11640,1.12027406692505,0.828196167945862,0.746369600296021,0.348116159439087
2017,39,OH,2013,,2017,0,13085,0.626465678215027,0,23,50,585,2426,9140,1.0084034204483,0.730082809925079,0.544754087924957,0.350763589143753
2006,40,OK,2012,,,,,,,,,,,,,,,
2007,40,OK,2012,,,,,,,,,,,,,,,
2008,40,OK,2012,,,,1216,0.51151317358017,0,322,14,63,43,775,1.24060153961182,1.0784775018692,0.808270633220673,0.366541355848312
2009,40,OK,2012,,,1,1248,0.551503002643585,0,290,13,71,53,820,1.27340400218964,0.955052971839905,0.698539972305298,0.398511290550232
2010,40,OK,2012,,,1,1266,0.523696660995483,0,126,10,105,31,646,1.67910623550415,1.18719899654388,0.612519025802612,0.439878523349762
2011,40,OK,2012,,,,1270,0.516535460948944,0,85,4,51,15,332,2.00303888320923,1.20873045921326,0.78509920835495,0.518027365207672
2012,40,OK,2012,,,,1249,0.554043233394623,0,99,8,46,15,322,1.7842845916748,0.583323836326599,0.546723067760468,0.267642706632614
2013,40,OK,2012,,,,1312,0.578726649284363,0,107,12,59,13,981,1.71773457527161,0.653253257274628,0.655395030975342,0.257017642259598
2014,40,OK,2012,,,,,,,,,,,,,,,
2015,40,OK,2012,,,,,,,,,,,,,,,
2016,40,OK,2012,,,,,,,,,,,,,,,
2017,40,OK,2012,,,,,,,,,,,,,,,
2006,41,OR,2013,2014,2014,1,50402,0.473455190658569,0,917,1738,6400,1065,31161,1.28210306167603,1.59177696704865,0.761610388755798,0.674892485141754
2007,41,OR,2013,2014,2014,1,58443,0.497041434049606,0,1306,2141,8771,1282,38158,1.33756184577942,1.75196945667267,0.892053484916687,0.767241835594177
2008,41,OR,2013,2014,2014,1,95528,0.51365339756012,0,1742,4282,16344,2357,62001,1.54031419754028,1.7278311252594,0.954140186309814,0.736995875835419
2009,41,OR,2013,2014,2014,1,114197,0.556756734848023,2170,2253,4697,20275,2217,70594,1.54130709171295,1.74418604373932,0.946551740169525,0.695216953754425
2010,41,OR,2013,2014,2014,1,112672,0.578571081161499,2574,2419,4117,21145,2053,69618,1.55034375190735,1.87093389034271,0.989139676094055,0.707795381546021
2011,41,OR,2013,2014,2014,1,111834,0.608837962150574,3087,2429,4139,22598,2099,69826,1.47058820724487,1.71212494373322,0.961685478687286,0.69321209192276
2012,41,OR,2013,2014,2014,1,109347,0.638472020626068,2287,2109,3996,23144,2073,65566,1.50649476051331,1.61483573913574,0.894052624702454,0.62369829416275
2013,41,OR,2013,2014,2014,1,102233,0.627887070178986,0,1612,3963,22222,1973,65855,1.420454621315,1.57845807075501,0.891265571117401,0.619292855262756
2014,41,OR,2013,2014,2014,1,117824,0.610029518604279,0,1814,4612,27014,2385,74548,1.34587371349335,1.3969132900238,0.841832578182221,0.57757294178009
2015,41,OR,2013,2014,2014,1,105969,0.600921034812927,0,1115,4294,25400,2329,65909,1.48504042625427,1.61650693416595,0.89525294303894,0.653944373130798
2016,41,OR,2013,2014,2014,1,97122,0.600000023841858,0,1102,3638,23463,2084,60277,1.57370173931122,1.73960816860199,0.962135314941406,0.698529422283173
2017,41,OR,2013,2014,2014,0,90315,0.611111104488373,0,1011,3140,21588,1927,56527,1.85213756561279,1.96364378929138,1.12162792682648,0.834098994731903
2006,42,PA,2013,,,,,,,,,,,,,,,
2007,42,PA,2013,,,1,816,0.485954821109772,0,2,42,83,209,480,1.21249651908875,1.13126420974731,0.812804996967316,0.487715274095535
2008,42,PA,2013,,,1,3542,0.422676086425781,0,7,84,133,515,3128,1.53853285312653,1.73880982398987,1.09699213504791,0.590429902076721
2009,42,PA,2013,,,1,7688,0.428907632827759,33,14,138,502,959,5717,1.21921122074127,1.55559325218201,0.793780446052551,0.610135316848755
2010,42,PA,2013,,,1,7545,0.438775628805161,2,13,141,507,965,5592,1.33058488368988,1.66884958744049,0.905389666557312,0.566588163375855
2011,42,PA,2013,,,1,7636,0.442895412445068,19,12,137,532,889,5259,1.62720680236816,1.54558396339417,0.838947415351868,0.64748215675354
2012,42,PA,2013,,,1,7057,0.518610775470734,0,17,127,508,754,5202,1.33124375343323,1.68032801151276,0.637340903282166,0.676218986511231
2013,42,PA,2013,,,1,7478,0.473043739795685,0,18,168,561,890,5572,1.37210130691528,1.64052081108093,0.749188184738159,0.575100541114807
2014,42,PA,2013,,,1,7770,0.508399605751038,0,27,179,592,986,5605,1.38103973865509,1.72363424301147,0.850410223007202,0.571141839027405
2015,42,PA,2013,,,0,6048,0.542189002037048,0,18,103,525,683,4419,1.20377445220947,1.18476569652557,0.717153608798981,0.465169370174408
2016,42,PA,2013,,,1,4971,0.592486441135407,0,22,101,422,570,3612,1.52011334896088,1.73812079429626,1.07386255264282,0.520914733409882
2017,42,PA,2013,,,1,4968,0.592486441135407,0,18,97,486,552,3567,0.809100329875946,1.30460643768311,0.491177916526794,0.429578334093094
2006,44,RI,2012,,2007,1,5770,0.176400482654572,0,33,168,992,373,3795,0.963117361068726,1.45740783214569,0.710496366024017,0.49226438999176
2007,44,RI,2012,,2007,0,7941,0.221574351191521,0,83,255,1083,449,6827,1.60298633575439,1.708456158638,1.0562664270401,0.548353850841522
2008,44,RI,2012,,2007,1,12031,0.218920767307282,0,105,329,1522,621,9009,2.2228422164917,2.03876781463623,1.47276389598846,0.707799196243286
2009,44,RI,2012,,2007,1,12017,0.271047234535217,0,77,330,1573,611,8637,1.78808510303497,1.6877133846283,1.33838713169098,0.512405574321747
2010,44,RI,2012,,2007,1,11560,0.301470577716827,459,70,265,1492,558,8270,2.11588549613953,1.80121517181396,1.16451132297516,0.659092307090759
2011,44,RI,2012,,2007,0,10595,0.277032375335693,0,55,198,1065,383,8679,1.90787482261658,1.94385600090027,1.2522828578949,0.621732711791992
2012,44,RI,2012,,2007,1,12217,0.31400465965271,0,58,240,1706,511,9069,1.86778259277344,1.34374833106995,1.34417831897736,0.544784784317017
2013,44,RI,2012,,2007,0,12358,0.307503074407578,0,75,294,2094,621,8632,1.4201899766922,1.2671594619751,0.986611485481262,0.4596326649189
2014,44,RI,2012,,2007,0,10586,0.315662622451782,0,43,189,1161,426,8471,1.36539900302887,1.53836560249329,1.03903317451477,0.563108801841736
2015,44,RI,2012,,2007,0,9624,0.301960796117783,0,42,219,1147,427,7524,1.58424317836761,1.829106092453,0.96228700876236,0.636054635047913
2016,44,RI,2012,,2007,0,6240,0.356010556221008,0,33,167,855,290,4715,1.90943670272827,2.39670562744141,1.27565145492554,0.819211006164551
2017,44,RI,2012,,2007,,4009,0.30174708366394,0,17,137,236,139,3396,3.10359358787537,2.80813360214233,2.07450675964355,1.0707368850708
2006,45,SC,2014,,,1,4189,0.455624103546143,0,19,51,115,640,1912,1.02039301395416,1.1733375787735,0.636630058288574,0.477245151996613
2007,45,SC,2014,,,0,7249,0.492854863405228,0,29,71,253,1745,3029,1.02877056598663,0.85888397693634,0.650213718414307,0.337904751300812
2008,45,SC,2014,,,1,7427,0.425641030073166,0,32,97,349,2135,3730,0.815554201602936,0.926469624042511,0.569287121295929,0.311669021844864
2009,45,SC,2014,,,1,8640,0.609644293785095,177,27,116,543,2849,3476,0.926390051841736,1.14206266403198,0.658769965171814,0.403384685516357
2010,45,SC,2014,,,1,10506,0.606727838516235,12,25,111,808,3238,4707,0.702848076820374,1.05658078193665,0.433932304382324,0.444698542356491
2011,45,SC,2014,,,1,9855,0.646135985851288,58,31,102,912,3256,5057,0.766950249671936,1.03690075874329,0.517046391963959,0.431151211261749
2012,45,SC,2014,,,1,8837,0.674825191497803,0,27,85,742,2835,3603,1.41574537754059,1.0562037229538,0.937040090560913,0.34682434797287
2013,45,SC,2014,,,0,7963,0.709421992301941,0,32,88,706,2722,4054,1.02790009975433,1.06461095809937,0.673029839992523,0.352640390396118
2014,45,SC,2014,,,0,9874,0.631741166114807,0,30,109,963,3628,4698,1.05404138565063,0.944123327732086,0.724046885967255,0.341641426086426
2015,45,SC,2014,,,,11201,0.626623392105103,0,35,107,1193,3702,5627,1.19547533988953,0.939295172691345,0.775545716285706,0.259259253740311
2016,45,SC,2014,,,,6021,0.572916746139526,0,20,61,510,2003,3214,0.620343565940857,0.615360260009766,0.449313849210739,0.18632847070694
2017,45,SC,2014,,,,3359,0.575605630874634,0,15,42,328,1164,1710,1.36772680282593,1.1088604927063,0.99231493473053,0.358029693365097
2006,46,SD,2015,,2014,,,,,,,,,,,,,
2007,46,SD,2015,,2014,,689,0.241086587309837,0,152,2,6,5,664,3.64208841323853,3.16480278968811,2.42022657394409,1.70355749130249
2008,46,SD,2015,,2014,,880,0.182186231017113,0,164,2,8,7,711,2.98378229141235,3.3231143951416,2.00088930130005,1.3339262008667
2009,46,SD,2015,,2014,,900,0.218181818723679,0,143,2,8,12,723,2.21855974197388,6.22253227233887,1.50016903877258,1.78541243076324
2010,46,SD,2015,,2014,,949,0.20242914557457,0,128,2,13,10,781,2.88786482810974,4.76257753372192,1.73522293567657,1.61486077308655
2011,46,SD,2015,,2014,,1575,0.237017303705215,0,129,5,19,13,1365,1.51657462120056,1.95687055587769,1.17412233352661,1.36980938911438
2012,46,SD,2015,,2014,1,1260,0.292738139629364,0,110,5,14,15,908,0.700552642345429,1.42951023578644,0.512119650840759,0.669202327728272
2013,46,SD,2015,,2014,1,1115,0.376043766736984,0,127,3,20,15,926,1.77034854888916,2.89194679260254,1.39784479141235,0.955515146255493
2014,46,SD,2015,,2014,1,1019,0.365620732307434,0,130,6,11,22,826,1.2283126115799,1.76454734802246,0.751566410064697,0.821434080600739
2015,46,SD,2015,,2014,,1501,0.278002709150314,0,128,4,24,21,1293,1.02783799171448,1.17419064044952,0.605326890945435,0.83232444524765
2016,46,SD,2015,,2014,1,1498,0.279132783412933,0,128,4,24,21,1293,1.20015490055084,1.7379310131073,0.554746568202972,0.495547831058502
2017,46,SD,2015,,2014,,1494,0.281805753707886,0,128,4,24,21,1293,1.24291574954987,2.68876814842224,0.642128169536591,0.559284090995789
2006,47,TN,2011,,2007,0,9759,0.581905007362366,0,18,32,180,609,7358,1.5627589225769,1.02760744094849,0.971246838569641,0.383890271186829
2007,47,TN,2011,,2007,0,16015,0.539231359958649,0,26,71,278,894,13326,1.45065951347351,1.28735613822937,1.05125570297241,0.410341441631317
2008,47,TN,2011,,2007,1,15863,0.538586497306824,0,26,81,308,996,13673,1.88560652732849,1.18565201759338,0.955897748470306,0.440026313066483
2009,47,TN,2011,,2007,0,16125,0.557493627071381,0,30,87,329,878,14654,1.18617355823517,1.25592947006226,0.655821442604065,0.407651841640472
2010,47,TN,2011,,2007,1,17461,0.562024354934692,25,27,83,443,1195,15237,0.924227952957153,1.03200078010559,0.587677717208862,0.322263717651367
2011,47,TN,2011,,2007,1,17753,0.577885389328003,48,25,84,427,1003,14942,1.08889889717102,1.06051647663116,0.614250600337982,0.360266327857971
2012,47,TN,2011,,2007,0,16538,0.635944724082947,38,24,75,446,913,13870,1.17736434936523,1.01395130157471,0.689590632915497,0.298258185386658
2013,47,TN,2011,,2007,0,13308,0.610169470310211,0,15,67,461,985,11682,0.872398972511292,0.919990479946136,0.498513698577881,0.291924893856049
2014,47,TN,2011,,2007,,8572,0.611888766288757,0,10,45,271,401,7588,0.541749060153961,0.707639932632446,0.34418597817421,0.20062455534935
2015,47,TN,2011,,2007,,7836,0.624463498592377,0,7,36,243,363,6919,0.590526044368744,0.691581666469574,0.344967514276505,0.231105700135231
2016,47,TN,2011,,2007,,6834,0.617216110229492,0,6,30,240,332,6000,1.56409382820129,0.76804918050766,0.825167655944824,0.245775729417801
2017,47,TN,2011,,2007,,7211,0.679538726806641,0,7,41,239,354,6332,1.0839536190033,0.852461218833923,0.482813239097595,0.262459874153137
2006,48,TX,2016,2015,2011,,,,,,,,,,,,,
2007,48,TX,2016,2015,2011,,,,,,,,,,,,,
2008,48,TX,2016,2015,2011,,,,,,,,,,,,,
2009,48,TX,2016,2015,2011,,,,,,,,,,,,,
2010,48,TX,2016,2015,2011,,,,,,,,,,,,,
2011,48,TX,2016,2015,2011,,,,,,,,,,,,,
2012,48,TX,2016,2015,2011,1,812,0.370918065309525,15,4,23,262,51,455,1.4968444108963,1.45159101486206,1.31931161880493,0.372470587491989
2013,48,TX,2016,2015,2011,1,822,0.381010353565216,0,6,28,277,51,449,2.09263682365417,1.97295987606049,1.74728333950043,0.69412624835968
2014,48,TX,2016,2015,2011,1,810,0.355555564165115,0,5,25,289,43,436,0.97998183965683,1.14040589332581,0.836995184421539,0.383622795343399
2015,48,TX,2016,2015,2011,1,815,0.355555564165115,0,6,27,291,50,441,0.97998183965683,1.14040589332581,0.836995184421539,0.383622795343399
2016,48,TX,2016,2015,2011,1,808,0.355555564165115,0,8,26,281,51,442,0.97998183965683,1.14040589332581,0.836995184421539,0.383622795343399
2017,48,TX,2016,2015,2011,1,820,0.355555564165115,0,7,25,292,56,440,0.97998183965683,1.14040589332581,0.836995184421539,0.383622795343399
2006,50,VT,,,2011,,,,,,,,,,,,,
2007,50,VT,,,2011,0,2297,0.354166656732559,0,1,17,9,11,2150,5.16129064559937,3.42662453651428,4.43932437896729,1.46020925045013
2008,50,VT,,,2011,1,7419,0.379189550876617,0,132,103,88,130,6682,3.86002016067505,3.00551223754883,2.78617000579834,1.03154873847961
2009,50,VT,,,2011,1,10739,0.392592579126358,1,127,109,138,165,9922,3.64720988273621,3.59477114677429,2.574955701828,1.21693122386932
2010,50,VT,,,2011,1,13688,0.444494217634201,17,206,148,193,246,11847,4.00872325897217,3.82177972793579,2.99140453338623,1.37768340110779
2011,50,VT,,,2011,1,18087,0.501960873603821,34,281,248,288,388,14481,4.06458473205566,3.7441725730896,3.08040857315064,1.28404188156128
2012,50,VT,,,2011,1,19306,0.477094918489456,18,153,239,253,294,15421,3.08597493171692,3.46451640129089,2.21596622467041,1.17585372924805
2013,50,VT,,,2011,1,20894,0.452661901712418,0,126,432,332,546,19058,2.93742299079895,2.57238340377808,2.01084852218628,0.946628212928772
2014,50,VT,,,2011,1,19258,0.45929017663002,0,90,403,369,503,17618,3.16960215568543,2.57960796356201,2.17837429046631,1.00979113578796
2015,50,VT,,,2011,1,20201,0.444906890392303,0,110,426,362,541,18652,2.64379715919495,2.9210786819458,1.88547265529633,1.03237199783325
2016,50,VT,,,2011,1,20203,0.440559446811676,0,116,423,358,522,18689,2.93987488746643,3.41960453987122,2.16802167892456,1.22923588752747
2017,50,VT,,,2011,1,19232,0.460921853780747,0,178,396,344,507,17633,2.53751111030579,3.31834721565247,1.77626597881317,1.38457334041595
2006,53,WA,2015,,2016,,9644,0.542294323444367,0,146,1662,2205,1140,3420,1.12653124332428,2.20808696746826,0.877192974090576,0.879619181156158
2007,53,WA,2015,,2016,,10367,0.577616453170776,0,154,1743,2433,1221,3906,1.41834723949432,1.93784332275391,0.972795069217682,0.861627399921417
2008,53,WA,2015,,2016,0,12157,0.560300648212433,0,182,2141,2966,1455,4616,1.08024871349335,1.82122659683228,0.735626995563507,0.802408456802368
2009,53,WA,2015,,2016,1,18845,0.581052660942078,386,267,2647,4183,1750,7791,0.952999413013458,1.77591383457184,0.714507579803467,0.824299931526184
2010,53,WA,2015,,2016,0,35759,0.514568090438843,1005,394,3497,6836,2240,15795,1.2109215259552,1.53696823120117,0.795399487018585,0.696371078491211
2011,53,WA,2015,,2016,1,54774,0.582145929336548,2074,460,4666,10924,3060,22502,1.34222316741943,1.44884216785431,0.746137857437134,0.657648324966431
2012,53,WA,2015,,2016,1,54888,0.568902373313904,1986,566,5001,11453,3354,22154,1.08210432529449,1.19038009643555,0.686492085456848,0.618368983268738
2013,53,WA,2015,,2016,1,55265,0.566197156906128,0,593,5289,12849,3556,27011,1.03006887435913,1.39261174201965,0.691156983375549,0.62043297290802
2014,53,WA,2015,,2016,1,54165,0.556991755962372,0,566,5108,13150,3423,26379,0.914494752883911,1.1280152797699,0.610820233821869,0.521124184131622
2015,53,WA,2015,,2016,0,58487,0.583188116550446,0,511,5639,14724,4028,27742,1.06747269630432,1.22226703166962,0.675582647323608,0.557741641998291
2016,53,WA,2015,,2016,1,59535,0.552105188369751,0,506,5914,15000,4087,28124,1.21038794517517,1.52008283138275,0.782852709293366,0.662338495254517
2017,53,WA,2015,,2016,0,52531,0.557130932807922,0,433,5163,13438,3611,24501,1.41930258274078,1.85575461387634,0.929866015911102,0.780278563499451
2006,55,WI,2014,,,,,,,,,,,,,,,
2007,55,WI,2014,,,,,,,,,,,,,,,
2008,55,WI,2014,,,0,1516,0.490322589874268,0,12,151,109,70,1348,1.08680069446564,2.12980937957764,0.676253378391266,1.12708902359009
2009,55,WI,2014,,,0,7606,0.478087663650513,0,44,573,568,275,4151,0.891781687736511,2.02949285507202,0.537172317504883,1.02405595779419
2010,55,WI,2014,,,0,35050,0.42774623632431,48,541,2166,1818,1227,26485,1.28356146812439,2.02807998657227,0.747104644775391,0.903636455535889
2011,55,WI,2014,,,1,33884,0.441788822412491,219,629,2186,1947,1157,25532,1.8239643573761,2.28379487991333,1.19390487670898,1.00718772411346
2012,55,WI,2014,,,1,34285,0.441640377044678,402,569,2390,2406,1216,27178,2.03626799583435,2.49619340896606,1.41060638427734,1.05071568489075
2013,55,WI,2014,,,1,34201,0.438542068004608,28,553,2500,2469,1313,26623,1.71757686138153,2.10305452346802,1.16339159011841,0.842200398445129
2014,55,WI,2014,,,1,35724,0.433498680591583,0,544,2588,2588,1351,27648,1.73450660705566,1.94485020637512,1.00106728076935,0.823328137397766
2015,55,WI,2014,,,1,36127,0.454349398612976,0,564,2650,2730,1346,27646,1.73105669021606,1.88720524311066,1.21065378189087,0.788162112236023
2016,55,WI,2014,,,1,21285,0.41604009270668,0,463,995,1048,598,17378,1.8825671672821,1.59882462024689,1.35376870632172,0.548720598220825
2017,55,WI,2014,,,1,16428,0.401937037706375,0,71,925,932,440,13354,1.84735298156738,1.67908370494843,1.25896382331848,0.672514617443085
2006,56,WY,,,,0,4926,0.285362184047699,0,49,62,792,60,4091,0.679265856742859,1.31536626815796,0.555734992027283,0.635235011577606
2007,56,WY,,,,0,8676,0.261282652616501,0,91,101,1338,97,6828,0.946843862533569,1.25760638713837,0.636914134025574,0.5102259516716
2008,56,WY,,,,0,9561,0.407185614109039,0,365,138,1598,229,7318,1.25347423553467,1.57724368572235,0.881065249443054,0.667631030082703
2009,56,WY,,,,,15697,0.396381497383118,31,429,184,2770,327,12006,1.14475774765015,1.72495675086975,0.738687455654144,0.735422134399414
2010,56,WY,,,,,15342,0.392275631427765,0,468,172,2664,288,11686,1.20372474193573,1.60236191749573,0.713689565658569,0.73348343372345
2011,56,WY,,,,,16406,0.395238101482391,0,138,165,2871,254,12114,0.934913039207458,1.41086888313293,0.602913439273834,0.709534406661987
2012,56,WY,,,,0,14224,0.404008984565735,0,138,124,2677,217,10512,1.17456245422363,1.43227303028107,0.704001069068909,0.704005002975464
2013,56,WY,,,,0,12589,0.369374096393585,0,113,130,2260,175,9668,0.998058497905731,1.0973756313324,0.601716160774231,0.484895706176758
2014,56,WY,,,,,9669,0.337961047887802,0,99,123,2325,120,6814,0.589615345001221,0.649048566818237,0.293145954608917,0.294144123792648
2015,56,WY,,,,,7233,0.359607845544815,0,97,93,1592,116,5167,0.674392342567444,0.568408250808716,0.418360769748688,0.3069708943367
2016,56,WY,,,,,5149,0.371237456798553,0,45,60,1110,81,3752,0.549632787704468,0.765810251235962,0.293769270181656,0.439560443162918
2017,56,WY,,,,0,4894,0.351479023694992,0,47,48,948,60,3639,0.583506226539612,0.551251351833344,0.300000041723251,0.226961433887482
